{
  "products": [
    {
      "id": 1,
      "name": "RD Station CRM",
      "category": "Vendas",
      "preferences": [
        "Integração fácil com ferramentas de e-mail",
        "Personalização de funis de vendas",
        "Relatórios avançados de desempenho de vendas"
      ],
      "features": [
        "Gestão de leads e oportunidades",
        "Automação de fluxos de trabalho de vendas",
        "Rastreamento de interações com clientes"
      ]
    },
    {
      "id": 2,
      "name": "RD Station Marketing",
      "category": "Marketing",
      "preferences": [
        "Automação de marketing",
        "Testes A/B para otimização de campanhas",
        "Segmentação avançada de leads"
      ],
      "features": [
        "Criação e gestão de campanhas de e-mail",
        "Rastreamento de comportamento do usuário",
        "Análise de retorno sobre investimento (ROI) de campanhas"
      ]
    },
    {
      "id": 3,
      "name": "RD Conversas",
      "category": "Omnichannel",
      "preferences": [
        "Integração com chatbots",
        "Histórico unificado de interações",
        "Respostas automáticas e personalizadas"
      ],
      "features": [
        "Gestão de conversas em diferentes canais",
        "Chat ao vivo e mensagens automatizadas",
        "Integração com RD Station CRM e Marketing"
      ]
    },
    {
      "id": 4,
      "name": "RD Mentor AI",
      "category": "Uso de Inteligência Artificial",
      "preferences": [
        "Análise preditiva de dados",
        "Recomendações personalizadas para usuários",
        "Integração com assistentes virtuais"
      ],
      "features": [
        "Análise de dados para insights estratégicos",
        "Recomendação de ações com base em padrões",
        "Integração de funcionalidades preditivas nos produtos RD Station"
      ]
    }
  ]
}
